"Country Name","Country Code","Indicator Name","Indicator Code","1960","1961","1962","1963","1964","1965","1966","1967","1968","1969","1970","1971","1972","1973","1974","1975","1976","1977","1978","1979","1980","1981","1982","1983","1984","1985","1986","1987","1988","1989","1990","1991","1992","1993","1994","1995","1996","1997","1998","1999","2000","2001","2002","2003","2004","2005","2006","2007","2008","2009","2010","2011","2012","2013","2014","2015","2016","2017","2018","2019","2020","2021","2022","2023",
"Aruba","ABW","Proportion of time spent on unpaid domestic and care work, female (% of 24 hour day)","SG.TIM.UWRK.FE","","","","","","","","","","","","","","","","","","","","","","","","","","","","","","","","","","","","","","","","","","","","","","","","","","","","","","","","","","","","","","","","",
"Africa Eastern and Southern","AFE","Proportion of time spent on unpaid domestic and care work, female (% of 24 hour day)","SG.TIM.UWRK.FE","","","","","","","","","","","","","","","","","","","","","","","","","","","","","","","","","","","","","","","","","","","","","","","","","","","","","","","","","","","","","","","","",
"Afghanistan","AFG","Proportion of time spent on unpaid domestic and care work, female (% of 24 hour day)","SG.TIM.UWRK.FE","","","","","","","","","","","","","","","","","","","","","","","","","","","","","","","","","","","","","","","","","","","","","","","","","","","","","","","","","","","","","","","","",
"Africa Western and Central","AFW","Proportion of time spent on unpaid domestic and care work, female (% of 24 hour day)","SG.TIM.UWRK.FE","","","","","","","","","","","","","","","","","","","","","","","","","","","","","","","","","","","","","","","","","","","","","","","","","","","","","","","","","","","","","","","","",
"Angola","AGO","Proportion of time spent on unpaid domestic and care work, female (% of 24 hour day)","SG.TIM.UWRK.FE","","","","","","","","","","","","","","","","","","","","","","","","","","","","","","","","","","","","","","","","","","","","","","","","","","","","","","","","","","","","","","","","",
"Albania","ALB","Proportion of time spent on unpaid domestic and care work, female (% of 24 hour day)","SG.TIM.UWRK.FE","","","","","","","","","","","","","","","","","","","","","","","","","","","","","","","","","","","","","","","","","","","","","","","","","","","","21.73611","","","","","","","","","","","","",
"Andorra","AND","Proportion of time spent on unpaid domestic and care work, female (% of 24 hour day)","SG.TIM.UWRK.FE","","","","","","","","","","","","","","","","","","","","","","","","","","","","","","","","","","","","","","","","","","","","","","","","","","","","","","","","","","","","","","","","",
"Arab World","ARB","Proportion of time spent on unpaid domestic and care work, female (% of 24 hour day)","SG.TIM.UWRK.FE","","","","","","","","","","","","","","","","","","","","","","","","","","","","","","","","","","","","","","","","","","","","","","","","","","","","","","","","","","","","","","","","",
"United Arab Emirates","ARE","Proportion of time spent on unpaid domestic and care work, female (% of 24 hour day)","SG.TIM.UWRK.FE","","","","","","","","","","","","","","","","","","","","","","","","","","","","","","","","","","","","","","","","","","","","","","","","","","","","","","","","","","","","","","","","",
"Argentina","ARG","Proportion of time spent on unpaid domestic and care work, female (% of 24 hour day)","SG.TIM.UWRK.FE","","","","","","","","","","","","","","","","","","","","","","","","","","","","","","","","","","","","","","","","","","","","","","16.73611","","","","","17.5","","","23.41864","","","","","","","","","","",
"Armenia","ARM","Proportion of time spent on unpaid domestic and care work, female (% of 24 hour day)","SG.TIM.UWRK.FE","","","","","","","","","","","","","","","","","","","","","","","","","","","","","","","","","","","","","","","","","","","","","24.02778","","","","21.65833","","","","","","","","","","","","","","","",
"American Samoa","ASM","Proportion of time spent on unpaid domestic and care work, female (% of 24 hour day)","SG.TIM.UWRK.FE","","","","","","","","","","","","","","","","","","","","","","","","","","","","","","","","","","","","","","","","","","","","","","","","","","","","","","","","","","","","","","","","",
"Antigua and Barbuda","ATG","Proportion of time spent on unpaid domestic and care work, female (% of 24 hour day)","SG.TIM.UWRK.FE","","","","","","","","","","","","","","","","","","","","","","","","","","","","","","","","","","","","","","","","","","","","","","","","","","","","","","","","","","","","","","","","",
"Australia","AUS","Proportion of time spent on unpaid domestic and care work, female (% of 24 hour day)","SG.TIM.UWRK.FE","","","","","","","","","","","","","","","","","","","","","","","","","","","","","","","","","","","","","","","","","","","","","","","20.83333","","","","","","","","","","","","","","","17.11944","","",
"Austria","AUT","Proportion of time spent on unpaid domestic and care work, female (% of 24 hour day)","SG.TIM.UWRK.FE","","","","","","","","","","","","","","","","","","","","","","","","","","","","","","","","","","","","","","","","","","","","","","","","","","19.06954","","","","","","","","","","","","","","",
"Azerbaijan","AZE","Proportion of time spent on unpaid domestic and care work, female (% of 24 hour day)","SG.TIM.UWRK.FE","","","","","","","","","","","","","","","","","","","","","","","","","","","","","","","","","","","","","","","","","","","","","","","","","25.41667","","","","","","","","","","","","","","","",
"Burundi","BDI","Proportion of time spent on unpaid domestic and care work, female (% of 24 hour day)","SG.TIM.UWRK.FE","","","","","","","","","","","","","","","","","","","","","","","","","","","","","","","","","","","","","","","","","","","","","","","","","","","","","","","","","","","","","","","","",
"Belgium","BEL","Proportion of time spent on unpaid domestic and care work, female (% of 24 hour day)","SG.TIM.UWRK.FE","","","","","","","","","","","","","","","","","","","","","","","","","","","","","","","","","","","","","","","","","16.04167","","","","","15","","","","","","","","15.90278","","","","","","","","","","",
"Benin","BEN","Proportion of time spent on unpaid domestic and care work, female (% of 24 hour day)","SG.TIM.UWRK.FE","","","","","","","","","","","","","","","","","","","","","","","","","","","","","","","","","","","","","","","","","","","","","","","","","","","","","","","","","","","","","","","","",
"Burkina Faso","BFA","Proportion of time spent on unpaid domestic and care work, female (% of 24 hour day)","SG.TIM.UWRK.FE","","","","","","","","","","","","","","","","","","","","","","","","","","","","","","","","","","","","","","","","","","","","","","","","","","","","","","","","","","","","","","","","",
"Bangladesh","BGD","Proportion of time spent on unpaid domestic and care work, female (% of 24 hour day)","SG.TIM.UWRK.FE","","","","","","","","","","","","","","","","","","","","","","","","","","","","","","","","","","","","","","","","","","","","","","","","","","","","","","","","","","","","","","","","",
"Bulgaria","BGR","Proportion of time spent on unpaid domestic and care work, female (% of 24 hour day)","SG.TIM.UWRK.FE","","","","","","","","","","","","","","","","","","","","","","","","","","","","","","","","","","","","","","","","","","","20.90278","","","","","","","","18.47222","","","","","","","","","","","","","",
"Bahrain","BHR","Proportion of time spent on unpaid domestic and care work, female (% of 24 hour day)","SG.TIM.UWRK.FE","","","","","","","","","","","","","","","","","","","","","","","","","","","","","","","","","","","","","","","","","","","","","","","","","","","","","","","","","","","","","","","","",
"Bahamas, The","BHS","Proportion of time spent on unpaid domestic and care work, female (% of 24 hour day)","SG.TIM.UWRK.FE","","","","","","","","","","","","","","","","","","","","","","","","","","","","","","","","","","","","","","","","","","","","","","","","","","","","","","","","","","","","","","","","",
"Bosnia and Herzegovina","BIH","Proportion of time spent on unpaid domestic and care work, female (% of 24 hour day)","SG.TIM.UWRK.FE","","","","","","","","","","","","","","","","","","","","","","","","","","","","","","","","","","","","","","","","","","","","","","","","","","","","","","","","","","","","","","","","",
"Belarus","BLR","Proportion of time spent on unpaid domestic and care work, female (% of 24 hour day)","SG.TIM.UWRK.FE","","","","","","","","","","","","","","","","","","","","","","","","","","","","","","","","","","","","","","","","","","","","","","","","","","","","","","","","19.16667","","","","","","","","",
"Belize","BLZ","Proportion of time spent on unpaid domestic and care work, female (% of 24 hour day)","SG.TIM.UWRK.FE","","","","","","","","","","","","","","","","","","","","","","","","","","","","","","","","","","","","","","","","","","","","","","","","","","","","","","","","","","","","","","","","",
"Bermuda","BMU","Proportion of time spent on unpaid domestic and care work, female (% of 24 hour day)","SG.TIM.UWRK.FE","","","","","","","","","","","","","","","","","","","","","","","","","","","","","","","","","","","","","","","","","","","","","","","","","","","","","","","","","","","","","","","","",
"Bolivia","BOL","Proportion of time spent on unpaid domestic and care work, female (% of 24 hour day)","SG.TIM.UWRK.FE","","","","","","","","","","","","","","","","","","","","","","","","","","","","","","","","","","","","","","","","","","23.11926","","","","","","","","","","","","","","","","","","","","","","",
"Brazil","BRA","Proportion of time spent on unpaid domestic and care work, female (% of 24 hour day)","SG.TIM.UWRK.FE","","","","","","","","","","","","","","","","","","","","","","","","","","","","","","","","","","","","","","","","","","","","","","","","","","17.63889","","","13.18363","","","","","11.60814","","","","","","",
"Barbados","BRB","Proportion of time spent on unpaid domestic and care work, female (% of 24 hour day)","SG.TIM.UWRK.FE","","","","","","","","","","","","","","","","","","","","","","","","","","","","","","","","","","","","","","","","","","","","","","","","","","","","","","","","","","","","","","","","",
"Brunei Darussalam","BRN","Proportion of time spent on unpaid domestic and care work, female (% of 24 hour day)","SG.TIM.UWRK.FE","","","","","","","","","","","","","","","","","","","","","","","","","","","","","","","","","","","","","","","","","","","","","","","","","","","","","","","","","","","","","","","","",
"Bhutan","BTN","Proportion of time spent on unpaid domestic and care work, female (% of 24 hour day)","SG.TIM.UWRK.FE","","","","","","","","","","","","","","","","","","","","","","","","","","","","","","","","","","","","","","","","","","","","","","","","13.26389","","","","","","","","15","","","","","","","","",
"Botswana","BWA","Proportion of time spent on unpaid domestic and care work, female (% of 24 hour day)","SG.TIM.UWRK.FE","","","","","","","","","","","","","","","","","","","","","","","","","","","","","","","","","","","","","","","","","","","","","","","","","","","","","","","","","","","","","","","","",
"Central African Republic","CAF","Proportion of time spent on unpaid domestic and care work, female (% of 24 hour day)","SG.TIM.UWRK.FE","","","","","","","","","","","","","","","","","","","","","","","","","","","","","","","","","","","","","","","","","","","","","","","","","","","","","","","","","","","","","","","","",
"Canada","CAN","Proportion of time spent on unpaid domestic and care work, female (% of 24 hour day)","SG.TIM.UWRK.FE","","","","","","","","","","","","","","","","","","","","","","","","","","","","","","","","","","","","","","","","","","","","","","15.83333","","","","","16.25","","","","","14.16667","","","","","","","","",
"Central Europe and the Baltics","CEB","Proportion of time spent on unpaid domestic and care work, female (% of 24 hour day)","SG.TIM.UWRK.FE","","","","","","","","","","","","","","","","","","","","","","","","","","","","","","","","","","","","","","","","","","","","","","","","","","","","","","","","","","","","","","","","",
"Switzerland","CHE","Proportion of time spent on unpaid domestic and care work, female (% of 24 hour day)","SG.TIM.UWRK.FE","","","","","","","","","","","","","","","","","","","","","","","","","","","","","","","","","","","","","","","","","18.12083","","","","18.10417","","","17.91667","","","16.74167","","","16.5375","","","16.83333","","","","17.3125","","","",
"Channel Islands","CHI","Proportion of time spent on unpaid domestic and care work, female (% of 24 hour day)","SG.TIM.UWRK.FE","","","","","","","","","","","","","","","","","","","","","","","","","","","","","","","","","","","","","","","","","","","","","","","","","","","","","","","","","","","","","","","","",
"Chile","CHL","Proportion of time spent on unpaid domestic and care work, female (% of 24 hour day)","SG.TIM.UWRK.FE","","","","","","","","","","","","","","","","","","","","","","","","","","","","","","","","","","","","","","","","","","","","","","","","","15.927","","","","","","","22.10355","","","","","","","","",
"China","CHN","Proportion of time spent on unpaid domestic and care work, female (% of 24 hour day)","SG.TIM.UWRK.FE","","","","","","","","","","","","","","","","","","","","","","","","","","","","","","","","","","","","","","","","","","","","","","","","","16.18056","","","","","","","","","","15.34722","","","","","",
"Cote d'Ivoire","CIV","Proportion of time spent on unpaid domestic and care work, female (% of 24 hour day)","SG.TIM.UWRK.FE","","","","","","","","","","","","","","","","","","","","","","","","","","","","","","","","","","","","","","","","","","","","","","","","","","","","","","","","","","","","","","","","",
"Cameroon","CMR","Proportion of time spent on unpaid domestic and care work, female (% of 24 hour day)","SG.TIM.UWRK.FE","","","","","","","","","","","","","","","","","","","","","","","","","","","","","","","","","","","","","","","","","","","","","","","","","","","","","","","15.82086","","","","","","","","","",
"Congo, Dem. Rep.","COD","Proportion of time spent on unpaid domestic and care work, female (% of 24 hour day)","SG.TIM.UWRK.FE","","","","","","","","","","","","","","","","","","","","","","","","","","","","","","","","","","","","","","","","","","","","","","","","","","","","","","","","","","","","","","","","",
"Congo, Rep.","COG","Proportion of time spent on unpaid domestic and care work, female (% of 24 hour day)","SG.TIM.UWRK.FE","","","","","","","","","","","","","","","","","","","","","","","","","","","","","","","","","","","","","","","","","","","","","","","","","","","","","","","","","","","","","","","","",
"Colombia","COL","Proportion of time spent on unpaid domestic and care work, female (% of 24 hour day)","SG.TIM.UWRK.FE","","","","","","","","","","","","","","","","","","","","","","","","","","","","","","","","","","","","","","","","","","","","","","","","","","","","","","","","","","16.87229","","","","17.64085","","",
"Comoros","COM","Proportion of time spent on unpaid domestic and care work, female (% of 24 hour day)","SG.TIM.UWRK.FE","","","","","","","","","","","","","","","","","","","","","","","","","","","","","","","","","","","","","","","","","","","","","","","","","","","","","","","","","","","","","","","","",
"Cabo Verde","CPV","Proportion of time spent on unpaid domestic and care work, female (% of 24 hour day)","SG.TIM.UWRK.FE","","","","","","","","","","","","","","","","","","","","","","","","","","","","","","","","","","","","","","","","","","","","","","","","","","","","","","","","","","","","","","","","",
"Costa Rica","CRI","Proportion of time spent on unpaid domestic and care work, female (% of 24 hour day)","SG.TIM.UWRK.FE","","","","","","","","","","","","","","","","","","","","","","","","","","","","","","","","","","","","","","","","","","","","","","","","","","","","","","","","","","22.14571","","","","","","",
"Caribbean small states","CSS","Proportion of time spent on unpaid domestic and care work, female (% of 24 hour day)","SG.TIM.UWRK.FE","","","","","","","","","","","","","","","","","","","","","","","","","","","","","","","","","","","","","","","","","","","","","","","","","","","","","","","","","","","","","","","","",
"Cuba","CUB","Proportion of time spent on unpaid domestic and care work, female (% of 24 hour day)","SG.TIM.UWRK.FE","","","","","","","","","","","","","","","","","","","","","","","","","","","","","","","","","","","","","","","","","","16.31944","","","","","","","","","","","","","","","21","","","","","","","",
"Curacao","CUW","Proportion of time spent on unpaid domestic and care work, female (% of 24 hour day)","SG.TIM.UWRK.FE","","","","","","","","","","","","","","","","","","","","","","","","","","","","","","","","","","","","","","","","","","","","","","","","","","","","","","","","","","","","","","","","",
"Cayman Islands","CYM","Proportion of time spent on unpaid domestic and care work, female (% of 24 hour day)","SG.TIM.UWRK.FE","","","","","","","","","","","","","","","","","","","","","","","","","","","","","","","","","","","","","","","","","","","","","","","","","","","","","","","","","","","","","","","","",
"Cyprus","CYP","Proportion of time spent on unpaid domestic and care work, female (% of 24 hour day)","SG.TIM.UWRK.FE","","","","","","","","","","","","","","","","","","","","","","","","","","","","","","","","","","","","","","","","","","","","","","","","","","","","","","","","","","","","","","","","",
"Czechia","CZE","Proportion of time spent on unpaid domestic and care work, female (% of 24 hour day)","SG.TIM.UWRK.FE","","","","","","","","","","","","","","","","","","","","","","","","","","","","","","","","","","","","","","","","","","","","","","","","","","","","","","","","","","","","","","","","",
"Germany","DEU","Proportion of time spent on unpaid domestic and care work, female (% of 24 hour day)","SG.TIM.UWRK.FE","","","","","","","","","","","","","","","","","","","","","","","","","","","","","","","","","","","","","","","","","","","17.675","","","","","","","","","","","16.44167","","","","","","","","","","",
"Djibouti","DJI","Proportion of time spent on unpaid domestic and care work, female (% of 24 hour day)","SG.TIM.UWRK.FE","","","","","","","","","","","","","","","","","","","","","","","","","","","","","","","","","","","","","","","","","","","","","","","","","","","","","","","","","","","","","","","","",
"Dominica","DMA","Proportion of time spent on unpaid domestic and care work, female (% of 24 hour day)","SG.TIM.UWRK.FE","","","","","","","","","","","","","","","","","","","","","","","","","","","","","","","","","","","","","","","","","","","","","","","","","","","","","","","","","","","","","","","","",
"Denmark","DNK","Proportion of time spent on unpaid domestic and care work, female (% of 24 hour day)","SG.TIM.UWRK.FE","","","","","","","","","","","","","","","","","","","","","","","","","","","","","","","","","","","","","","","","","","14.58333","","","","","","","","15.625","","","","","","","","","","","","","","",
"Dominican Republic","DOM","Proportion of time spent on unpaid domestic and care work, female (% of 24 hour day)","SG.TIM.UWRK.FE","","","","","","","","","","","","","","","","","","","","","","","","","","","","","","","","","","","","","","","","","","","","","","","","","","","","","","","","","16.70887","","","","","","","",
"Algeria","DZA","Proportion of time spent on unpaid domestic and care work, female (% of 24 hour day)","SG.TIM.UWRK.FE","","","","","","","","","","","","","","","","","","","","","","","","","","","","","","","","","","","","","","","","","","","","","","","","","","","","","21.66667","","","","","","","","","","","",
"East Asia & Pacific (excluding high income)","EAP","Proportion of time spent on unpaid domestic and care work, female (% of 24 hour day)","SG.TIM.UWRK.FE","","","","","","","","","","","","","","","","","","","","","","","","","","","","","","","","","","","","","","","","","","","","","","","","","","","","","","","","","","","","","","","","",
"Early-demographic dividend","EAR","Proportion of time spent on unpaid domestic and care work, female (% of 24 hour day)","SG.TIM.UWRK.FE","","","","","","","","","","","","","","","","","","","","","","","","","","","","","","","","","","","","","","","","","","","","","","","","","","","","","","","","","","","","","","","","",
"East Asia & Pacific","EAS","Proportion of time spent on unpaid domestic and care work, female (% of 24 hour day)","SG.TIM.UWRK.FE","","","","","","","","","","","","","","","","","","","","","","","","","","","","","","","","","","","","","","","","","","","","","","","","","","","","","","","","","","","","","","","","",
"Europe & Central Asia (excluding high income)","ECA","Proportion of time spent on unpaid domestic and care work, female (% of 24 hour day)","SG.TIM.UWRK.FE","","","","","","","","","","","","","","","","","","","","","","","","","","","","","","","","","","","","","","","","","","","","","","","","","","","","","","","","","","","","","","","","",
"Europe & Central Asia","ECS","Proportion of time spent on unpaid domestic and care work, female (% of 24 hour day)","SG.TIM.UWRK.FE","","","","","","","","","","","","","","","","","","","","","","","","","","","","","","","","","","","","","","","","","","","","","","","","","","","","","","","","","","","","","","","","",
"Ecuador","ECU","Proportion of time spent on unpaid domestic and care work, female (% of 24 hour day)","SG.TIM.UWRK.FE","","","","","","","","","","","","","","","","","","","","","","","","","","","","","","","","","","","","","","","","","","","","","","","","","","","","","19.74505","","","","","","","","","","","",
"Egypt, Arab Rep.","EGY","Proportion of time spent on unpaid domestic and care work, female (% of 24 hour day)","SG.TIM.UWRK.FE","","","","","","","","","","","","","","","","","","","","","","","","","","","","","","","","","","","","","","","","","","","","","","","","","","","","","","","","22.36111","","","","","","","","",
"Euro area","EMU","Proportion of time spent on unpaid domestic and care work, female (% of 24 hour day)","SG.TIM.UWRK.FE","","","","","","","","","","","","","","","","","","","","","","","","","","","","","","","","","","","","","","","","","","","","","","","","","","","","","","","","","","","","","","","","",
"Eritrea","ERI","Proportion of time spent on unpaid domestic and care work, female (% of 24 hour day)","SG.TIM.UWRK.FE","","","","","","","","","","","","","","","","","","","","","","","","","","","","","","","","","","","","","","","","","","","","","","","","","","","","","","","","","","","","","","","","",
"Spain","ESP","Proportion of time spent on unpaid domestic and care work, female (% of 24 hour day)","SG.TIM.UWRK.FE","","","","","","","","","","","","","","","","","","","","","","","","","","","","","","","","","","","","","","","","","","","","20.48611","","","","","","","18.95833","","","","","","","","","","","","","",
"Estonia","EST","Proportion of time spent on unpaid domestic and care work, female (% of 24 hour day)","SG.TIM.UWRK.FE","","","","","","","","","","","","","","","","","","","","","","","","","","","","","","","","","","","","","","","","","19.93056","","","","","","","","","","17.22222","","","","","","","","","","","","","",
"Ethiopia","ETH","Proportion of time spent on unpaid domestic and care work, female (% of 24 hour day)","SG.TIM.UWRK.FE","","","","","","","","","","","","","","","","","","","","","","","","","","","","","","","","","","","","","","","","","","","","","","","","","","","","","","19.30556","","","","","","","","","","",
"European Union","EUU","Proportion of time spent on unpaid domestic and care work, female (% of 24 hour day)","SG.TIM.UWRK.FE","","","","","","","","","","","","","","","","","","","","","","","","","","","","","","","","","","","","","","","","","","","","","","","","","","","","","","","","","","","","","","","","",
"Fragile and conflict affected situations","FCS","Proportion of time spent on unpaid domestic and care work, female (% of 24 hour day)","SG.TIM.UWRK.FE","","","","","","","","","","","","","","","","","","","","","","","","","","","","","","","","","","","","","","","","","","","","","","","","","","","","","","","","","","","","","","","","",
"Finland","FIN","Proportion of time spent on unpaid domestic and care work, female (% of 24 hour day)","SG.TIM.UWRK.FE","","","","","","","","","","","","","","","","","","","","","","","","","","","","","","","","","","","","","","","","","15.82083","","","","","","","","","","15.20417","","","","","","","","","","","14.05637","","",
"Fiji","FJI","Proportion of time spent on unpaid domestic and care work, female (% of 24 hour day)","SG.TIM.UWRK.FE","","","","","","","","","","","","","","","","","","","","","","","","","","","","","","","","","","","","","","","","","","","","","","","","","","","","","","","","","15.15812","","","","","","","",
"France","FRA","Proportion of time spent on unpaid domestic and care work, female (% of 24 hour day)","SG.TIM.UWRK.FE","","","","","","","","","","","","","","","","","","","","","","","","","","","","","","","","","","","","","","","","","","","","","","","","","","","15.77314","","","","","","","","","","","","","",
"Faroe Islands","FRO","Proportion of time spent on unpaid domestic and care work, female (% of 24 hour day)","SG.TIM.UWRK.FE","","","","","","","","","","","","","","","","","","","","","","","","","","","","","","","","","","","","","","","","","","","","","","","","","","","","","","","","","","","","","","","","",
"Micronesia, Fed. Sts.","FSM","Proportion of time spent on unpaid domestic and care work, female (% of 24 hour day)","SG.TIM.UWRK.FE","","","","","","","","","","","","","","","","","","","","","","","","","","","","","","","","","","","","","","","","","","","","","","","","","","","","","","","","","","","","","","","","",
"Gabon","GAB","Proportion of time spent on unpaid domestic and care work, female (% of 24 hour day)","SG.TIM.UWRK.FE","","","","","","","","","","","","","","","","","","","","","","","","","","","","","","","","","","","","","","","","","","","","","","","","","","","","","","","","","","","","","","","","",
"United Kingdom","GBR","Proportion of time spent on unpaid domestic and care work, female (% of 24 hour day)","SG.TIM.UWRK.FE","","","","","","","","","","","","","","","","","","","","","","","","","","","","","","","","","","","","","","","","","","14.83477","","","","","","","","","","","","","","12.65278","","","","","","","16.00522","",
"Georgia","GEO","Proportion of time spent on unpaid domestic and care work, female (% of 24 hour day)","SG.TIM.UWRK.FE","","","","","","","","","","","","","","","","","","","","","","","","","","","","","","","","","","","","","","","","","","","","","","","","","","","","","","","","","","","","","","17.78896","","",
"Ghana","GHA","Proportion of time spent on unpaid domestic and care work, female (% of 24 hour day)","SG.TIM.UWRK.FE","","","","","","","","","","","","","","","","","","","","","","","","","","","","","","","","","","","","","","","","","","","","","","","","","","15.48611","","","","","","","","","","","","","","",
"Gibraltar","GIB","Proportion of time spent on unpaid domestic and care work, female (% of 24 hour day)","SG.TIM.UWRK.FE","","","","","","","","","","","","","","","","","","","","","","","","","","","","","","","","","","","","","","","","","","","","","","","","","","","","","","","","","","","","","","","","",
"Guinea","GIN","Proportion of time spent on unpaid domestic and care work, female (% of 24 hour day)","SG.TIM.UWRK.FE","","","","","","","","","","","","","","","","","","","","","","","","","","","","","","","","","","","","","","","","","","","","","","","","","","","","","","","","","","","","","","","","",
"Gambia, The","GMB","Proportion of time spent on unpaid domestic and care work, female (% of 24 hour day)","SG.TIM.UWRK.FE","","","","","","","","","","","","","","","","","","","","","","","","","","","","","","","","","","","","","","","","","","","","","","","","","","","","","","","","","","","","","","","","",
"Guinea-Bissau","GNB","Proportion of time spent on unpaid domestic and care work, female (% of 24 hour day)","SG.TIM.UWRK.FE","","","","","","","","","","","","","","","","","","","","","","","","","","","","","","","","","","","","","","","","","","","","","","","","","","","","","","","","","","","","","","","","",
"Equatorial Guinea","GNQ","Proportion of time spent on unpaid domestic and care work, female (% of 24 hour day)","SG.TIM.UWRK.FE","","","","","","","","","","","","","","","","","","","","","","","","","","","","","","","","","","","","","","","","","","","","","","","","","","","","","","","","","","","","","","","","",
"Greece","GRC","Proportion of time spent on unpaid domestic and care work, female (% of 24 hour day)","SG.TIM.UWRK.FE","","","","","","","","","","","","","","","","","","","","","","","","","","","","","","","","","","","","","","","","","","","","","","","","","","","","","","","18.125","","","","","","","","","",
"Grenada","GRD","Proportion of time spent on unpaid domestic and care work, female (% of 24 hour day)","SG.TIM.UWRK.FE","","","","","","","","","","","","","","","","","","","","","","","","","","","","","","","","","","","","","","","","","","","","","","","","","","","","","","","","","","","","","","","","",
"Greenland","GRL","Proportion of time spent on unpaid domestic and care work, female (% of 24 hour day)","SG.TIM.UWRK.FE","","","","","","","","","","","","","","","","","","","","","","","","","","","","","","","","","","","","","","","","","","","","","","","","","","","","","","","","","","","","","","","","",
"Guatemala","GTM","Proportion of time spent on unpaid domestic and care work, female (% of 24 hour day)","SG.TIM.UWRK.FE","","","","","","","","","","","","","","","","","","","","","","","","","","","","","","","","","","","","","","","","","","","","","","","","","","","","","","","17.76702","","","19.48273","","","","","","",
"Guam","GUM","Proportion of time spent on unpaid domestic and care work, female (% of 24 hour day)","SG.TIM.UWRK.FE","","","","","","","","","","","","","","","","","","","","","","","","","","","","","","","","","","","","","","","","","","","","","","","","","","","","","","","","","","","","","","","","",
"Guyana","GUY","Proportion of time spent on unpaid domestic and care work, female (% of 24 hour day)","SG.TIM.UWRK.FE","","","","","","","","","","","","","","","","","","","","","","","","","","","","","","","","","","","","","","","","","","","","","","","","","","","","","","","","","","","","","","","","",
"High income","HIC","Proportion of time spent on unpaid domestic and care work, female (% of 24 hour day)","SG.TIM.UWRK.FE","","","","","","","","","","","","","","","","","","","","","","","","","","","","","","","","","","","","","","","","","","","","","","","","","","","","","","","","","","","","","","","","",
"Hong Kong SAR, China","HKG","Proportion of time spent on unpaid domestic and care work, female (% of 24 hour day)","SG.TIM.UWRK.FE","","","","","","","","","","","","","","","","","","","","","","","","","","","","","","","","","","","","","","","","","","","13.75","","","","","","","","","","","10.83333","","","","","","","","","","",
"Honduras","HND","Proportion of time spent on unpaid domestic and care work, female (% of 24 hour day)","SG.TIM.UWRK.FE","","","","","","","","","","","","","","","","","","","","","","","","","","","","","","","","","","","","","","","","","","","","","","","","","","17.29571","","","","","","","","","","","","","","",
"Heavily indebted poor countries (HIPC)","HPC","Proportion of time spent on unpaid domestic and care work, female (% of 24 hour day)","SG.TIM.UWRK.FE","","","","","","","","","","","","","","","","","","","","","","","","","","","","","","","","","","","","","","","","","","","","","","","","","","","","","","","","","","","","","","","","",
"Croatia","HRV","Proportion of time spent on unpaid domestic and care work, female (% of 24 hour day)","SG.TIM.UWRK.FE","","","","","","","","","","","","","","","","","","","","","","","","","","","","","","","","","","","","","","","","","","","","","","","","","","","","","","","","","","","","","","","","",
"Haiti","HTI","Proportion of time spent on unpaid domestic and care work, female (% of 24 hour day)","SG.TIM.UWRK.FE","","","","","","","","","","","","","","","","","","","","","","","","","","","","","","","","","","","","","","","","","","","","","","","","","","","","","","","","","","","","","","","","",
"Hungary","HUN","Proportion of time spent on unpaid domestic and care work, female (% of 24 hour day)","SG.TIM.UWRK.FE","","","","","","","","","","","","","","","","","","","","","","","","","","","","","","","","","","","","","","","","","19.51389","","","","","","","","","","17.27674","","","","","","","","","","","","","",
"IBRD only","IBD","Proportion of time spent on unpaid domestic and care work, female (% of 24 hour day)","SG.TIM.UWRK.FE","","","","","","","","","","","","","","","","","","","","","","","","","","","","","","","","","","","","","","","","","","","","","","","","","","","","","","","","","","","","","","","","",
"IDA & IBRD total","IBT","Proportion of time spent on unpaid domestic and care work, female (% of 24 hour day)","SG.TIM.UWRK.FE","","","","","","","","","","","","","","","","","","","","","","","","","","","","","","","","","","","","","","","","","","","","","","","","","","","","","","","","","","","","","","","","",
"IDA total","IDA","Proportion of time spent on unpaid domestic and care work, female (% of 24 hour day)","SG.TIM.UWRK.FE","","","","","","","","","","","","","","","","","","","","","","","","","","","","","","","","","","","","","","","","","","","","","","","","","","","","","","","","","","","","","","","","",
"IDA blend","IDB","Proportion of time spent on unpaid domestic and care work, female (% of 24 hour day)","SG.TIM.UWRK.FE","","","","","","","","","","","","","","","","","","","","","","","","","","","","","","","","","","","","","","","","","","","","","","","","","","","","","","","","","","","","","","","","",
"Indonesia","IDN","Proportion of time spent on unpaid domestic and care work, female (% of 24 hour day)","SG.TIM.UWRK.FE","","","","","","","","","","","","","","","","","","","","","","","","","","","","","","","","","","","","","","","","","","","","","","","","","","","","","","","","","","","","","","","","",
"IDA only","IDX","Proportion of time spent on unpaid domestic and care work, female (% of 24 hour day)","SG.TIM.UWRK.FE","","","","","","","","","","","","","","","","","","","","","","","","","","","","","","","","","","","","","","","","","","","","","","","","","","","","","","","","","","","","","","","","",
"Isle of Man","IMN","Proportion of time spent on unpaid domestic and care work, female (% of 24 hour day)","SG.TIM.UWRK.FE","","","","","","","","","","","","","","","","","","","","","","","","","","","","","","","","","","","","","","","","","","","","","","","","","","","","","","","","","","","","","","","","",
"India","IND","Proportion of time spent on unpaid domestic and care work, female (% of 24 hour day)","SG.TIM.UWRK.FE","","","","","","","","","","","","","","","","","","","","","","","","","","","","","","","","","","","","","","","","","","","","","","","","","","","","","","","","","","","","","","","","",
"Not classified","INX","Proportion of time spent on unpaid domestic and care work, female (% of 24 hour day)","SG.TIM.UWRK.FE","","","","","","","","","","","","","","","","","","","","","","","","","","","","","","","","","","","","","","","","","","","","","","","","","","","","","","","","","","","","","","","","",
"Ireland","IRL","Proportion of time spent on unpaid domestic and care work, female (% of 24 hour day)","SG.TIM.UWRK.FE","","","","","","","","","","","","","","","","","","","","","","","","","","","","","","","","","","","","","","","","","","","","","","20.55556","","","","","","","","","","","","","","","","","","",
"Iran, Islamic Rep.","IRN","Proportion of time spent on unpaid domestic and care work, female (% of 24 hour day)","SG.TIM.UWRK.FE","","","","","","","","","","","","","","","","","","","","","","","","","","","","","","","","","","","","","","","","","","","","","","","","","","","","","","","","","","","","","","","","",
"Iraq","IRQ","Proportion of time spent on unpaid domestic and care work, female (% of 24 hour day)","SG.TIM.UWRK.FE","","","","","","","","","","","","","","","","","","","","","","","","","","","","","","","","","","","","","","","","","","","","","","","","24.09722","","","","","","","","","","","","","","","","",
"Iceland","ISL","Proportion of time spent on unpaid domestic and care work, female (% of 24 hour day)","SG.TIM.UWRK.FE","","","","","","","","","","","","","","","","","","","","","","","","","","","","","","","","","","","","","","","","","","","","","","","","","","","","","","","","","","","","","","","","",
"Israel","ISR","Proportion of time spent on unpaid domestic and care work, female (% of 24 hour day)","SG.TIM.UWRK.FE","","","","","","","","","","","","","","","","","","","","","","","","","","","","","","","","","","","","","","","","","","","","","","","","","","","","","","","","","","","","","","","","",
"Italy","ITA","Proportion of time spent on unpaid domestic and care work, female (% of 24 hour day)","SG.TIM.UWRK.FE","","","","","","","","","","","","","","","","","","","","","","","","","","","","","","","","","","","","","","","","","","","","21.375","","","","","","20.5","","","","","19.95833","","","","","","","","","",
"Jamaica","JAM","Proportion of time spent on unpaid domestic and care work, female (% of 24 hour day)","SG.TIM.UWRK.FE","","","","","","","","","","","","","","","","","","","","","","","","","","","","","","","","","","","","","","","","","","","","","","","","","","","","","","","","","","","","","","","","",
"Jordan","JOR","Proportion of time spent on unpaid domestic and care work, female (% of 24 hour day)","SG.TIM.UWRK.FE","","","","","","","","","","","","","","","","","","","","","","","","","","","","","","","","","","","","","","","","","","","","","","","","","","","","","","","","","","","","","","","","",
"Japan","JPN","Proportion of time spent on unpaid domestic and care work, female (% of 24 hour day)","SG.TIM.UWRK.FE","","","","","","","","","","","","","","","","","","","","","","","","","","","","","","","","","","","","","","","","","","15.625","","","","","15.55556","","","","","15.625","","","","","15.13889","","","","","14.70833","","",
"Kazakhstan","KAZ","Proportion of time spent on unpaid domestic and care work, female (% of 24 hour day)","SG.TIM.UWRK.FE","","","","","","","","","","","","","","","","","","","","","","","","","","","","","","","","","","","","","","","","","27.70833","","","28.47222","","","26.11111","","","","","","17.08333","","","","","","18.95833","","","","","",
"Kenya","KEN","Proportion of time spent on unpaid domestic and care work, female (% of 24 hour day)","SG.TIM.UWRK.FE","","","","","","","","","","","","","","","","","","","","","","","","","","","","","","","","","","","","","","","","","","","","","","","","","","","","","","","","","","","","","","","","",
"Kyrgyz Republic","KGZ","Proportion of time spent on unpaid domestic and care work, female (% of 24 hour day)","SG.TIM.UWRK.FE","","","","","","","","","","","","","","","","","","","","","","","","","","","","","","","","","","","","","","","","","27.70833","","","","","23.75","","","","","18.75","","","","","16.80556","","","","","","","","",
"Cambodia","KHM","Proportion of time spent on unpaid domestic and care work, female (% of 24 hour day)","SG.TIM.UWRK.FE","","","","","","","","","","","","","","","","","","","","","","","","","","","","","","","","","","","","","","","","","","","","","12.5","","","","","","","","","","","","","","","","","","","",
"Kiribati","KIR","Proportion of time spent on unpaid domestic and care work, female (% of 24 hour day)","SG.TIM.UWRK.FE","","","","","","","","","","","","","","","","","","","","","","","","","","","","","","","","","","","","","","","","","","","","","","","","","","","","","","","","","","","","","","","","",
"St. Kitts and Nevis","KNA","Proportion of time spent on unpaid domestic and care work, female (% of 24 hour day)","SG.TIM.UWRK.FE","","","","","","","","","","","","","","","","","","","","","","","","","","","","","","","","","","","","","","","","","","","","","","","","","","","","","","","","","","","","","","","","",
"Korea, Rep.","KOR","Proportion of time spent on unpaid domestic and care work, female (% of 24 hour day)","SG.TIM.UWRK.FE","","","","","","","","","","","","","","","","","","","","","","","","","","","","","","","","","","","","","","","","","","","","","14.58472","","","","","14.37361","","","","","14.57917","","","","","12.84722","","","","",
"Kuwait","KWT","Proportion of time spent on unpaid domestic and care work, female (% of 24 hour day)","SG.TIM.UWRK.FE","","","","","","","","","","","","","","","","","","","","","","","","","","","","","","","","","","","","","","","","","","","","","","","","","","","","","","","","","","","","","","","","",
"Latin America & Caribbean (excluding high income)","LAC","Proportion of time spent on unpaid domestic and care work, female (% of 24 hour day)","SG.TIM.UWRK.FE","","","","","","","","","","","","","","","","","","","","","","","","","","","","","","","","","","","","","","","","","","","","","","","","","","","","","","","","","","","","","","","","",
"Lao PDR","LAO","Proportion of time spent on unpaid domestic and care work, female (% of 24 hour day)","SG.TIM.UWRK.FE","","","","","","","","","","","","","","","","","","","","","","","","","","","","","","","","","","","","","","","","","","","","10","","","","","10.41667","","","","","10.41667","","","","13.6038","","","","","","",
"Lebanon","LBN","Proportion of time spent on unpaid domestic and care work, female (% of 24 hour day)","SG.TIM.UWRK.FE","","","","","","","","","","","","","","","","","","","","","","","","","","","","","","","","","","","","","","","","","","","","","","","","","","","","","","","","","","","","","","","","",
"Liberia","LBR","Proportion of time spent on unpaid domestic and care work, female (% of 24 hour day)","SG.TIM.UWRK.FE","","","","","","","","","","","","","","","","","","","","","","","","","","","","","","","","","","","","","","","","","","","","","","","","","","","6.29234","","","","","","","","","","","","","",
"Libya","LBY","Proportion of time spent on unpaid domestic and care work, female (% of 24 hour day)","SG.TIM.UWRK.FE","","","","","","","","","","","","","","","","","","","","","","","","","","","","","","","","","","","","","","","","","","","","","","","","","","","","","","","","","","","","","","","","",
"St. Lucia","LCA","Proportion of time spent on unpaid domestic and care work, female (% of 24 hour day)","SG.TIM.UWRK.FE","","","","","","","","","","","","","","","","","","","","","","","","","","","","","","","","","","","","","","","","","","","","","","","","","","","","","","","","","","","","","","","","",
"Latin America & Caribbean","LCN","Proportion of time spent on unpaid domestic and care work, female (% of 24 hour day)","SG.TIM.UWRK.FE","","","","","","","","","","","","","","","","","","","","","","","","","","","","","","","","","","","","","","","","","","","","","","","","","","","","","","","","","","","","","","","","",
"Least developed countries: UN classification","LDC","Proportion of time spent on unpaid domestic and care work, female (% of 24 hour day)","SG.TIM.UWRK.FE","","","","","","","","","","","","","","","","","","","","","","","","","","","","","","","","","","","","","","","","","","","","","","","","","","","","","","","","","","","","","","","","",
"Low income","LIC","Proportion of time spent on unpaid domestic and care work, female (% of 24 hour day)","SG.TIM.UWRK.FE","","","","","","","","","","","","","","","","","","","","","","","","","","","","","","","","","","","","","","","","","","","","","","","","","","","","","","","","","","","","","","","","",
"Liechtenstein","LIE","Proportion of time spent on unpaid domestic and care work, female (% of 24 hour day)","SG.TIM.UWRK.FE","","","","","","","","","","","","","","","","","","","","","","","","","","","","","","","","","","","","","","","","","","","","","","","","","","","","","","","","","","","","","","","","",
"Sri Lanka","LKA","Proportion of time spent on unpaid domestic and care work, female (% of 24 hour day)","SG.TIM.UWRK.FE","","","","","","","","","","","","","","","","","","","","","","","","","","","","","","","","","","","","","","","","","","","","","","","","","","","","","","","","","","","","","","","","",
"Lower middle income","LMC","Proportion of time spent on unpaid domestic and care work, female (% of 24 hour day)","SG.TIM.UWRK.FE","","","","","","","","","","","","","","","","","","","","","","","","","","","","","","","","","","","","","","","","","","","","","","","","","","","","","","","","","","","","","","","","",
"Low & middle income","LMY","Proportion of time spent on unpaid domestic and care work, female (% of 24 hour day)","SG.TIM.UWRK.FE","","","","","","","","","","","","","","","","","","","","","","","","","","","","","","","","","","","","","","","","","","","","","","","","","","","","","","","","","","","","","","","","",
"Lesotho","LSO","Proportion of time spent on unpaid domestic and care work, female (% of 24 hour day)","SG.TIM.UWRK.FE","","","","","","","","","","","","","","","","","","","","","","","","","","","","","","","","","","","","","","","","","","","","15.55556","","","","","","","","","","","","","","","","","","","","",
"Late-demographic dividend","LTE","Proportion of time spent on unpaid domestic and care work, female (% of 24 hour day)","SG.TIM.UWRK.FE","","","","","","","","","","","","","","","","","","","","","","","","","","","","","","","","","","","","","","","","","","","","","","","","","","","","","","","","","","","","","","","","",
"Lithuania","LTU","Proportion of time spent on unpaid domestic and care work, female (% of 24 hour day)","SG.TIM.UWRK.FE","","","","","","","","","","","","","","","","","","","","","","","","","","","","","","","","","","","","","","","","","","","","16.7375","","","","","","","","","","","","","","","","","","","","",
"Luxembourg","LUX","Proportion of time spent on unpaid domestic and care work, female (% of 24 hour day)","SG.TIM.UWRK.FE","","","","","","","","","","","","","","","","","","","","","","","","","","","","","","","","","","","","","","","","","","","","","","","","","","","","","","","14.44444","","","","","","","","","",
"Latvia","LVA","Proportion of time spent on unpaid domestic and care work, female (% of 24 hour day)","SG.TIM.UWRK.FE","","","","","","","","","","","","","","","","","","","","","","","","","","","","","","","","","","","","","","","","","","","","18.26389","","","","","","","","","","","","","","","","","","","","",
"Macao SAR, China","MAC","Proportion of time spent on unpaid domestic and care work, female (% of 24 hour day)","SG.TIM.UWRK.FE","","","","","","","","","","","","","","","","","","","","","","","","","","","","","","","","","","","","","","","","","","","","","","","","","","","","","","","","","","","","","","","","",
"St. Martin (French part)","MAF","Proportion of time spent on unpaid domestic and care work, female (% of 24 hour day)","SG.TIM.UWRK.FE","","","","","","","","","","","","","","","","","","","","","","","","","","","","","","","","","","","","","","","","","","","","","","","","","","","","","","","","","","","","","","","","",
"Morocco","MAR","Proportion of time spent on unpaid domestic and care work, female (% of 24 hour day)","SG.TIM.UWRK.FE","","","","","","","","","","","","","","","","","","","","","","","","","","","","","","","","","","","","","","","","","","","","","","","","","","","","","20.83333","","","","","","","","","","","",
"Monaco","MCO","Proportion of time spent on unpaid domestic and care work, female (% of 24 hour day)","SG.TIM.UWRK.FE","","","","","","","","","","","","","","","","","","","","","","","","","","","","","","","","","","","","","","","","","","","","","","","","","","","","","","","","","","","","","","","","",
"Moldova","MDA","Proportion of time spent on unpaid domestic and care work, female (% of 24 hour day)","SG.TIM.UWRK.FE","","","","","","","","","","","","","","","","","","","","","","","","","","","","","","","","","","","","","","","","","","","","","","","","","","","","","20.13841","","","","","","","","","","","",
"Madagascar","MDG","Proportion of time spent on unpaid domestic and care work, female (% of 24 hour day)","SG.TIM.UWRK.FE","","","","","","","","","","","","","","","","","","","","","","","","","","","","","","","","","","","","","","","","","","","","","","","","","","","","","","","","","","","","","","","","",
"Maldives","MDV","Proportion of time spent on unpaid domestic and care work, female (% of 24 hour day)","SG.TIM.UWRK.FE","","","","","","","","","","","","","","","","","","","","","","","","","","","","","","","","","","","","","","","","","","","","","","","","","","","","","","","","","","","","","","","","",
"Middle East & North Africa","MEA","Proportion of time spent on unpaid domestic and care work, female (% of 24 hour day)","SG.TIM.UWRK.FE","","","","","","","","","","","","","","","","","","","","","","","","","","","","","","","","","","","","","","","","","","","","","","","","","","","","","","","","","","","","","","","","",
"Mexico","MEX","Proportion of time spent on unpaid domestic and care work, female (% of 24 hour day)","SG.TIM.UWRK.FE","","","","","","","","","","","","","","","","","","","","","","","","","","","","","","","","","","","","","","","","","","","29.11243","","","","","","","31.04081","","","","","26.97042","","","","","27.76825","","","","",
"Marshall Islands","MHL","Proportion of time spent on unpaid domestic and care work, female (% of 24 hour day)","SG.TIM.UWRK.FE","","","","","","","","","","","","","","","","","","","","","","","","","","","","","","","","","","","","","","","","","","","","","","","","","","","","","","","","","","","","","","","","",
"Middle income","MIC","Proportion of time spent on unpaid domestic and care work, female (% of 24 hour day)","SG.TIM.UWRK.FE","","","","","","","","","","","","","","","","","","","","","","","","","","","","","","","","","","","","","","","","","","","","","","","","","","","","","","","","","","","","","","","","",
"North Macedonia","MKD","Proportion of time spent on unpaid domestic and care work, female (% of 24 hour day)","SG.TIM.UWRK.FE","","","","","","","","","","","","","","","","","","","","","","","","","","","","","","","","","","","","","","","","","","","","","23.75","","","","","16.73611","","","","","","15.41667","","","","","","","","",
"Mali","MLI","Proportion of time spent on unpaid domestic and care work, female (% of 24 hour day)","SG.TIM.UWRK.FE","","","","","","","","","","","","","","","","","","","","","","","","","","","","","","","","","","","","","","","","","","","","","","","","","","","","","","","","","","","","","","","","",
"Malta","MLT","Proportion of time spent on unpaid domestic and care work, female (% of 24 hour day)","SG.TIM.UWRK.FE","","","","","","","","","","","","","","","","","","","","","","","","","","","","","","","","","","","","","","","","","","","18.75","","","","","","","","","","","","","","","","","","","","","",
"Myanmar","MMR","Proportion of time spent on unpaid domestic and care work, female (% of 24 hour day)","SG.TIM.UWRK.FE","","","","","","","","","","","","","","","","","","","","","","","","","","","","","","","","","","","","","","","","","","","","","","","","","","","","","","","","","","","","","","","","",
"Middle East & North Africa (excluding high income)","MNA","Proportion of time spent on unpaid domestic and care work, female (% of 24 hour day)","SG.TIM.UWRK.FE","","","","","","","","","","","","","","","","","","","","","","","","","","","","","","","","","","","","","","","","","","","","","","","","","","","","","","","","","","","","","","","","",
"Montenegro","MNE","Proportion of time spent on unpaid domestic and care work, female (% of 24 hour day)","SG.TIM.UWRK.FE","","","","","","","","","","","","","","","","","","","","","","","","","","","","","","","","","","","","","","","","","","","","","","","","","","","","","","","","","","","","","","","","",
"Mongolia","MNG","Proportion of time spent on unpaid domestic and care work, female (% of 24 hour day)","SG.TIM.UWRK.FE","","","","","","","","","","","","","","","","","","","","","","","","","","","","","","","","","","","","","","","","","20.05833","","","","","","","19.79167","","","","19.86111","","","","17.63889","","","","19.29129","","","","",
"Northern Mariana Islands","MNP","Proportion of time spent on unpaid domestic and care work, female (% of 24 hour day)","SG.TIM.UWRK.FE","","","","","","","","","","","","","","","","","","","","","","","","","","","","","","","","","","","","","","","","","","","","","","","","","","","","","","","","","","","","","","","","",
"Mozambique","MOZ","Proportion of time spent on unpaid domestic and care work, female (% of 24 hour day)","SG.TIM.UWRK.FE","","","","","","","","","","","","","","","","","","","","","","","","","","","","","","","","","","","","","","","","","","","","","","","","","","","","","","","","","","","","","","","","",
"Mauritania","MRT","Proportion of time spent on unpaid domestic and care work, female (% of 24 hour day)","SG.TIM.UWRK.FE","","","","","","","","","","","","","","","","","","","","","","","","","","","","","","","","","","","","","","","","","","","","","","","","","","","","","","","","","","","","","","","","",
"Mauritius","MUS","Proportion of time spent on unpaid domestic and care work, female (% of 24 hour day)","SG.TIM.UWRK.FE","","","","","","","","","","","","","","","","","","","","","","","","","","","","","","","","","","","","","","","","","","","","18.95833","","","","","","","","","","","","","","","","","","","","",
"Malawi","MWI","Proportion of time spent on unpaid domestic and care work, female (% of 24 hour day)","SG.TIM.UWRK.FE","","","","","","","","","","","","","","","","","","","","","","","","","","","","","","","","","","","","","","","","","","","","","","8.68056","","","","","","","","","","","","","","","","","","",
"Malaysia","MYS","Proportion of time spent on unpaid domestic and care work, female (% of 24 hour day)","SG.TIM.UWRK.FE","","","","","","","","","","","","","","","","","","","","","","","","","","","","","","","","","","","","","","","","","","","","19.09722","","","","","","","","","","","","","","","","","","","","",
"North America","NAC","Proportion of time spent on unpaid domestic and care work, female (% of 24 hour day)","SG.TIM.UWRK.FE","","","","","","","","","","","","","","","","","","","","","","","","","","","","","","","","","","","","","","","","","","","","","","","","","","","","","","","","","","","","","","","","",
"Namibia","NAM","Proportion of time spent on unpaid domestic and care work, female (% of 24 hour day)","SG.TIM.UWRK.FE","","","","","","","","","","","","","","","","","","","","","","","","","","","","","","","","","","","","","","","","","","","","","","","","","","","","","","","","","","","","","","","","",
"New Caledonia","NCL","Proportion of time spent on unpaid domestic and care work, female (% of 24 hour day)","SG.TIM.UWRK.FE","","","","","","","","","","","","","","","","","","","","","","","","","","","","","","","","","","","","","","","","","","","","","","","","","","","","","","","","","","","","","","","","",
"Niger","NER","Proportion of time spent on unpaid domestic and care work, female (% of 24 hour day)","SG.TIM.UWRK.FE","","","","","","","","","","","","","","","","","","","","","","","","","","","","","","","","","","","","","","","","","","","","","","","","","","","","","","","","","","","","","","","","",
"Nigeria","NGA","Proportion of time spent on unpaid domestic and care work, female (% of 24 hour day)","SG.TIM.UWRK.FE","","","","","","","","","","","","","","","","","","","","","","","","","","","","","","","","","","","","","","","","","","","","","","","","","","","","","","","","","","","","","","","","",
"Nicaragua","NIC","Proportion of time spent on unpaid domestic and care work, female (% of 24 hour day)","SG.TIM.UWRK.FE","","","","","","","","","","","","","","","","","","","","","","","","","","","","","","","","","","","","","","","","","","","","","","","","","","","","","","","","","","","","","","","","",
"Netherlands","NLD","Proportion of time spent on unpaid domestic and care work, female (% of 24 hour day)","SG.TIM.UWRK.FE","","","","","","","","","","","","","","","","","","","","","","","","","","","","","","","","","","","","","","","","","","15","","15.13889","","","16.94444","","","","","","14.72222","","","","","","","","","","","",
"Norway","NOR","Proportion of time spent on unpaid domestic and care work, female (% of 24 hour day)","SG.TIM.UWRK.FE","","","","","","","","","","","","","","","","","","","","","","","","","","","","","","","","","","","","","","","","","","16.38889","","","","","","","","","","15.30833","","","","","","","","","","","","",
"Nepal","NPL","Proportion of time spent on unpaid domestic and care work, female (% of 24 hour day)","SG.TIM.UWRK.FE","","","","","","","","","","","","","","","","","","","","","","","","","","","","","","","","","","","","","","","","","","","","","","","","","","","","","","","","","","","","","","","","",
"Nauru","NRU","Proportion of time spent on unpaid domestic and care work, female (% of 24 hour day)","SG.TIM.UWRK.FE","","","","","","","","","","","","","","","","","","","","","","","","","","","","","","","","","","","","","","","","","","","","","","","","","","","","","","","","","","","","","","","","",
"New Zealand","NZL","Proportion of time spent on unpaid domestic and care work, female (% of 24 hour day)","SG.TIM.UWRK.FE","","","","","","","","","","","","","","","","","","","","","","","","","","","","","","","","","","","","","","","","","","","","","","","","","","","18.05556","","","","","","","","","","","","","",
"OECD members","OED","Proportion of time spent on unpaid domestic and care work, female (% of 24 hour day)","SG.TIM.UWRK.FE","","","","","","","","","","","","","","","","","","","","","","","","","","","","","","","","","","","","","","","","","","","","","","","","","","","","","","","","","","","","","","","","",
"Oman","OMN","Proportion of time spent on unpaid domestic and care work, female (% of 24 hour day)","SG.TIM.UWRK.FE","","","","","","","","","","","","","","","","","","","","","","","","","","","","","","","","","","","","","","","","","20.55556","","","","","","","","18.88889","","","","","","","","","","","","","","","",
"Other small states","OSS","Proportion of time spent on unpaid domestic and care work, female (% of 24 hour day)","SG.TIM.UWRK.FE","","","","","","","","","","","","","","","","","","","","","","","","","","","","","","","","","","","","","","","","","","","","","","","","","","","","","","","","","","","","","","","","",
"Pakistan","PAK","Proportion of time spent on unpaid domestic and care work, female (% of 24 hour day)","SG.TIM.UWRK.FE","","","","","","","","","","","","","","","","","","","","","","","","","","","","","","","","","","","","","","","","","","","","","","","","19.86111","","","","","","","","","","","","","","","","",
"Panama","PAN","Proportion of time spent on unpaid domestic and care work, female (% of 24 hour day)","SG.TIM.UWRK.FE","","","","","","","","","","","","","","","","","","","","","","","","","","","","","","","","","","","","","","","","","","","","","","","","","","","","17.95164","","","","","","","","","","","","",
"Peru","PER","Proportion of time spent on unpaid domestic and care work, female (% of 24 hour day)","SG.TIM.UWRK.FE","","","","","","","","","","","","","","","","","","","","","","","","","","","","","","","","","","","","","","","","","","","","","","","","","","","23.56031","","","","","","","","","","","","","",
"Philippines","PHL","Proportion of time spent on unpaid domestic and care work, female (% of 24 hour day)","SG.TIM.UWRK.FE","","","","","","","","","","","","","","","","","","","","","","","","","","","","","","","","","","","","","","","","","","","","","","","","","","","","","","","","","","","","","","","","",
"Palau","PLW","Proportion of time spent on unpaid domestic and care work, female (% of 24 hour day)","SG.TIM.UWRK.FE","","","","","","","","","","","","","","","","","","","","","","","","","","","","","","","","","","","","","","","","","","","","","","","","","","","","","","","","","","","","","","","","",
"Papua New Guinea","PNG","Proportion of time spent on unpaid domestic and care work, female (% of 24 hour day)","SG.TIM.UWRK.FE","","","","","","","","","","","","","","","","","","","","","","","","","","","","","","","","","","","","","","","","","","","","","","","","","","","","","","","","","","","","","","","","",
"Poland","POL","Proportion of time spent on unpaid domestic and care work, female (% of 24 hour day)","SG.TIM.UWRK.FE","","","","","","","","","","","","","","","","","","","","","","","","","","","","","","","","","","","","","","","","","","","","","20.55556","","","","","","","","","18.2625","","","","","","","","","","",
"Pre-demographic dividend","PRE","Proportion of time spent on unpaid domestic and care work, female (% of 24 hour day)","SG.TIM.UWRK.FE","","","","","","","","","","","","","","","","","","","","","","","","","","","","","","","","","","","","","","","","","","","","","","","","","","","","","","","","","","","","","","","","",
"Puerto Rico","PRI","Proportion of time spent on unpaid domestic and care work, female (% of 24 hour day)","SG.TIM.UWRK.FE","","","","","","","","","","","","","","","","","","","","","","","","","","","","","","","","","","","","","","","","","","","","","","","","","","","","","","","","","","","","","","","","",
"Korea, Dem. People's Rep.","PRK","Proportion of time spent on unpaid domestic and care work, female (% of 24 hour day)","SG.TIM.UWRK.FE","","","","","","","","","","","","","","","","","","","","","","","","","","","","","","","","","","","","","","","","","","","","","","","","","","","","","","","","","","","","","","","","",
"Portugal","PRT","Proportion of time spent on unpaid domestic and care work, female (% of 24 hour day)","SG.TIM.UWRK.FE","","","","","","","","","","","","","","","","","","","","","","","","","","","","","","","","","","","","","","","","","","","","","","","","","","","","","","","","17.81135","","","","","","","","",
"Paraguay","PRY","Proportion of time spent on unpaid domestic and care work, female (% of 24 hour day)","SG.TIM.UWRK.FE","","","","","","","","","","","","","","","","","","","","","","","","","","","","","","","","","","","","","","","","","","","","","","","","","","","","","","","","","14.52502","","","","","","","",
"West Bank and Gaza","PSE","Proportion of time spent on unpaid domestic and care work, female (% of 24 hour day)","SG.TIM.UWRK.FE","","","","","","","","","","","","","","","","","","","","","","","","","","","","","","","","","","","","","","","","","23.125","","","","","","","","","","","","","20.13889","","","","","","","","","","",
"Pacific island small states","PSS","Proportion of time spent on unpaid domestic and care work, female (% of 24 hour day)","SG.TIM.UWRK.FE","","","","","","","","","","","","","","","","","","","","","","","","","","","","","","","","","","","","","","","","","","","","","","","","","","","","","","","","","","","","","","","","",
"Post-demographic dividend","PST","Proportion of time spent on unpaid domestic and care work, female (% of 24 hour day)","SG.TIM.UWRK.FE","","","","","","","","","","","","","","","","","","","","","","","","","","","","","","","","","","","","","","","","","","","","","","","","","","","","","","","","","","","","","","","","",
"French Polynesia","PYF","Proportion of time spent on unpaid domestic and care work, female (% of 24 hour day)","SG.TIM.UWRK.FE","","","","","","","","","","","","","","","","","","","","","","","","","","","","","","","","","","","","","","","","","","","","","","","","","","","","","","","","","","","","","","","","",
"Qatar","QAT","Proportion of time spent on unpaid domestic and care work, female (% of 24 hour day)","SG.TIM.UWRK.FE","","","","","","","","","","","","","","","","","","","","","","","","","","","","","","","","","","","","","","","","","","","","","","","","","","","","","","8.19444","","","","","","","","","","",
"Romania","ROU","Proportion of time spent on unpaid domestic and care work, female (% of 24 hour day)","SG.TIM.UWRK.FE","","","","","","","","","","","","","","","","","","","","","","","","","","","","","","","","","","","","","","","","","20.83333","","","","","","","","","","","","19.02778","","","","","","","","","","","",
"Russian Federation","RUS","Proportion of time spent on unpaid domestic and care work, female (% of 24 hour day)","SG.TIM.UWRK.FE","","","","","","","","","","","","","","","","","","","","","","","","","","","","","","","","","","","","","","","","","","","","","","","","","","","","","","","18.40278","","","","","18","","","","",
"Rwanda","RWA","Proportion of time spent on unpaid domestic and care work, female (% of 24 hour day)","SG.TIM.UWRK.FE","","","","","","","","","","","","","","","","","","","","","","","","","","","","","","","","","","","","","","","","","","","","","","","","","","","","","","","","","","","","","","","","",
"South Asia","SAS","Proportion of time spent on unpaid domestic and care work, female (% of 24 hour day)","SG.TIM.UWRK.FE","","","","","","","","","","","","","","","","","","","","","","","","","","","","","","","","","","","","","","","","","","","","","","","","","","","","","","","","","","","","","","","","",
"Saudi Arabia","SAU","Proportion of time spent on unpaid domestic and care work, female (% of 24 hour day)","SG.TIM.UWRK.FE","","","","","","","","","","","","","","","","","","","","","","","","","","","","","","","","","","","","","","","","","","","","","","","","","","","","","","","","","","","","","","","","",
"Sudan","SDN","Proportion of time spent on unpaid domestic and care work, female (% of 24 hour day)","SG.TIM.UWRK.FE","","","","","","","","","","","","","","","","","","","","","","","","","","","","","","","","","","","","","","","","","","","","","","","","","","","","","","","","","","","","","","","","",
"Senegal","SEN","Proportion of time spent on unpaid domestic and care work, female (% of 24 hour day)","SG.TIM.UWRK.FE","","","","","","","","","","","","","","","","","","","","","","","","","","","","","","","","","","","","","","","","","","","","","","","","","","","","","","","","","","","","","","","","",
"Singapore","SGP","Proportion of time spent on unpaid domestic and care work, female (% of 24 hour day)","SG.TIM.UWRK.FE","","","","","","","","","","","","","","","","","","","","","","","","","","","","","","","","","","","","","","","","","","","","","","","","","","","","","","","","","","","","","","","","",
"Solomon Islands","SLB","Proportion of time spent on unpaid domestic and care work, female (% of 24 hour day)","SG.TIM.UWRK.FE","","","","","","","","","","","","","","","","","","","","","","","","","","","","","","","","","","","","","","","","","","","","","","","","","","","","","","","","","","","","","","","","",
"Sierra Leone","SLE","Proportion of time spent on unpaid domestic and care work, female (% of 24 hour day)","SG.TIM.UWRK.FE","","","","","","","","","","","","","","","","","","","","","","","","","","","","","","","","","","","","","","","","","","","","","","","","","","","","","","","","","","","","","","","","",
"El Salvador","SLV","Proportion of time spent on unpaid domestic and care work, female (% of 24 hour day)","SG.TIM.UWRK.FE","","","","","","","","","","","","","","","","","","","","","","","","","","","","","","","","","","","","","","","","","","","","","","","","","","","22.74799","","","","","","","20.21275","","","","","","",
"San Marino","SMR","Proportion of time spent on unpaid domestic and care work, female (% of 24 hour day)","SG.TIM.UWRK.FE","","","","","","","","","","","","","","","","","","","","","","","","","","","","","","","","","","","","","","","","","","","","","","","","","","","","","","","","","","","","","","","","",
"Somalia","SOM","Proportion of time spent on unpaid domestic and care work, female (% of 24 hour day)","SG.TIM.UWRK.FE","","","","","","","","","","","","","","","","","","","","","","","","","","","","","","","","","","","","","","","","","","","","","","","","","","","","","","","","","","","","","","","","",
"Serbia","SRB","Proportion of time spent on unpaid domestic and care work, female (% of 24 hour day)","SG.TIM.UWRK.FE","","","","","","","","","","","","","","","","","","","","","","","","","","","","","","","","","","","","","","","","","","","","","","","","","","","","20.23684","","","","19.16756","","","","","","","","",
"Sub-Saharan Africa (excluding high income)","SSA","Proportion of time spent on unpaid domestic and care work, female (% of 24 hour day)","SG.TIM.UWRK.FE","","","","","","","","","","","","","","","","","","","","","","","","","","","","","","","","","","","","","","","","","","","","","","","","","","","","","","","","","","","","","","","","",
"South Sudan","SSD","Proportion of time spent on unpaid domestic and care work, female (% of 24 hour day)","SG.TIM.UWRK.FE","","","","","","","","","","","","","","","","","","","","","","","","","","","","","","","","","","","","","","","","","","","","","","","","","","","","","","","","","","","","","","","","",
"Sub-Saharan Africa","SSF","Proportion of time spent on unpaid domestic and care work, female (% of 24 hour day)","SG.TIM.UWRK.FE","","","","","","","","","","","","","","","","","","","","","","","","","","","","","","","","","","","","","","","","","","","","","","","","","","","","","","","","","","","","","","","","",
"Small states","SST","Proportion of time spent on unpaid domestic and care work, female (% of 24 hour day)","SG.TIM.UWRK.FE","","","","","","","","","","","","","","","","","","","","","","","","","","","","","","","","","","","","","","","","","","","","","","","","","","","","","","","","","","","","","","","","",
"Sao Tome and Principe","STP","Proportion of time spent on unpaid domestic and care work, female (% of 24 hour day)","SG.TIM.UWRK.FE","","","","","","","","","","","","","","","","","","","","","","","","","","","","","","","","","","","","","","","","","","","","","","","","","","","","","","","","","","","","","","","","",
"Suriname","SUR","Proportion of time spent on unpaid domestic and care work, female (% of 24 hour day)","SG.TIM.UWRK.FE","","","","","","","","","","","","","","","","","","","","","","","","","","","","","","","","","","","","","","","","","","","","","","","","","","","","","","","","","","","","","","","","",
"Slovak Republic","SVK","Proportion of time spent on unpaid domestic and care work, female (% of 24 hour day)","SG.TIM.UWRK.FE","","","","","","","","","","","","","","","","","","","","","","","","","","","","","","","","","","","","","","","","","","","","","","","","","","","","","","","","","","","","","","","","",
"Slovenia","SVN","Proportion of time spent on unpaid domestic and care work, female (% of 24 hour day)","SG.TIM.UWRK.FE","","","","","","","","","","","","","","","","","","","","","","","","","","","","","","","","","","","","","","","","","","20.55556","","","","","","","","","","","","","","","","","","","","","","",
"Sweden","SWE","Proportion of time spent on unpaid domestic and care work, female (% of 24 hour day)","SG.TIM.UWRK.FE","","","","","","","","","","","","","","","","","","","","","","","","","","","","","","","","","","","","","","","","","","17.65101","","","","","","","","","","16.04201","","","","","","","","","","","","",
"Eswatini","SWZ","Proportion of time spent on unpaid domestic and care work, female (% of 24 hour day)","SG.TIM.UWRK.FE","","","","","","","","","","","","","","","","","","","","","","","","","","","","","","","","","","","","","","","","","","","","","","","","","","","","","","","","","","","","","","","","",
"Sint Maarten (Dutch part)","SXM","Proportion of time spent on unpaid domestic and care work, female (% of 24 hour day)","SG.TIM.UWRK.FE","","","","","","","","","","","","","","","","","","","","","","","","","","","","","","","","","","","","","","","","","","","","","","","","","","","","","","","","","","","","","","","","",
"Seychelles","SYC","Proportion of time spent on unpaid domestic and care work, female (% of 24 hour day)","SG.TIM.UWRK.FE","","","","","","","","","","","","","","","","","","","","","","","","","","","","","","","","","","","","","","","","","","","","","","","","","","","","","","","","","","","","","","","","",
"Syrian Arab Republic","SYR","Proportion of time spent on unpaid domestic and care work, female (% of 24 hour day)","SG.TIM.UWRK.FE","","","","","","","","","","","","","","","","","","","","","","","","","","","","","","","","","","","","","","","","","","","","","","","","","","","","","","","","","","","","","","","","",
"Turks and Caicos Islands","TCA","Proportion of time spent on unpaid domestic and care work, female (% of 24 hour day)","SG.TIM.UWRK.FE","","","","","","","","","","","","","","","","","","","","","","","","","","","","","","","","","","","","","","","","","","","","","","","","","","","","","","","","","","","","","","","","",
"Chad","TCD","Proportion of time spent on unpaid domestic and care work, female (% of 24 hour day)","SG.TIM.UWRK.FE","","","","","","","","","","","","","","","","","","","","","","","","","","","","","","","","","","","","","","","","","","","","","","","","","","","","","","","","","","","","","","","","",
"East Asia & Pacific (IDA & IBRD countries)","TEA","Proportion of time spent on unpaid domestic and care work, female (% of 24 hour day)","SG.TIM.UWRK.FE","","","","","","","","","","","","","","","","","","","","","","","","","","","","","","","","","","","","","","","","","","","","","","","","","","","","","","","","","","","","","","","","",
"Europe & Central Asia (IDA & IBRD countries)","TEC","Proportion of time spent on unpaid domestic and care work, female (% of 24 hour day)","SG.TIM.UWRK.FE","","","","","","","","","","","","","","","","","","","","","","","","","","","","","","","","","","","","","","","","","","","","","","","","","","","","","","","","","","","","","","","","",
"Togo","TGO","Proportion of time spent on unpaid domestic and care work, female (% of 24 hour day)","SG.TIM.UWRK.FE","","","","","","","","","","","","","","","","","","","","","","","","","","","","","","","","","","","","","","","","","","","","","","","","","","","","","","","","","","","","","","","","",
"Thailand","THA","Proportion of time spent on unpaid domestic and care work, female (% of 24 hour day)","SG.TIM.UWRK.FE","","","","","","","","","","","","","","","","","","","","","","","","","","","","","","","","","","","","","","","","","","","","","","","","","","12.77778","","","","","","11.04167","","","","","","","","",
"Tajikistan","TJK","Proportion of time spent on unpaid domestic and care work, female (% of 24 hour day)","SG.TIM.UWRK.FE","","","","","","","","","","","","","","","","","","","","","","","","","","","","","","","","","","","","","","","","","","","","","","","","","","","","","","","","","","","","","","","","",
"Turkmenistan","TKM","Proportion of time spent on unpaid domestic and care work, female (% of 24 hour day)","SG.TIM.UWRK.FE","","","","","","","","","","","","","","","","","","","","","","","","","","","","","","","","","","","","","","","","","","","","","","","","","","","","","","","","","","","","","","","","",
"Latin America & the Caribbean (IDA & IBRD countries)","TLA","Proportion of time spent on unpaid domestic and care work, female (% of 24 hour day)","SG.TIM.UWRK.FE","","","","","","","","","","","","","","","","","","","","","","","","","","","","","","","","","","","","","","","","","","","","","","","","","","","","","","","","","","","","","","","","",
"Timor-Leste","TLS","Proportion of time spent on unpaid domestic and care work, female (% of 24 hour day)","SG.TIM.UWRK.FE","","","","","","","","","","","","","","","","","","","","","","","","","","","","","","","","","","","","","","","","","","","","","","","","","","","","","","","","","","","","","","","","",
"Middle East & North Africa (IDA & IBRD countries)","TMN","Proportion of time spent on unpaid domestic and care work, female (% of 24 hour day)","SG.TIM.UWRK.FE","","","","","","","","","","","","","","","","","","","","","","","","","","","","","","","","","","","","","","","","","","","","","","","","","","","","","","","","","","","","","","","","",
"Tonga","TON","Proportion of time spent on unpaid domestic and care work, female (% of 24 hour day)","SG.TIM.UWRK.FE","","","","","","","","","","","","","","","","","","","","","","","","","","","","","","","","","","","","","","","","","","","","","","","","","","","","","","","","","","","","","","","","",
"South Asia (IDA & IBRD)","TSA","Proportion of time spent on unpaid domestic and care work, female (% of 24 hour day)","SG.TIM.UWRK.FE","","","","","","","","","","","","","","","","","","","","","","","","","","","","","","","","","","","","","","","","","","","","","","","","","","","","","","","","","","","","","","","","",
"Sub-Saharan Africa (IDA & IBRD countries)","TSS","Proportion of time spent on unpaid domestic and care work, female (% of 24 hour day)","SG.TIM.UWRK.FE","","","","","","","","","","","","","","","","","","","","","","","","","","","","","","","","","","","","","","","","","","","","","","","","","","","","","","","","","","","","","","","","",
"Trinidad and Tobago","TTO","Proportion of time spent on unpaid domestic and care work, female (% of 24 hour day)","SG.TIM.UWRK.FE","","","","","","","","","","","","","","","","","","","","","","","","","","","","","","","","","","","","","","","","","","","","","","","","","","","","","","","","","","","","","","","","",
"Tunisia","TUN","Proportion of time spent on unpaid domestic and care work, female (% of 24 hour day)","SG.TIM.UWRK.FE","","","","","","","","","","","","","","","","","","","","","","","","","","","","","","","","","","","","","","","","","","","","","","","21.94444","","","","","","","","","","","","","","","","","",
"Turkiye","TUR","Proportion of time spent on unpaid domestic and care work, female (% of 24 hour day)","SG.TIM.UWRK.FE","","","","","","","","","","","","","","","","","","","","","","","","","","","","","","","","","","","","","","","","","","","","","","","22.00354","","","","","","","","","19.15117","","","","","","","","",
"Tuvalu","TUV","Proportion of time spent on unpaid domestic and care work, female (% of 24 hour day)","SG.TIM.UWRK.FE","","","","","","","","","","","","","","","","","","","","","","","","","","","","","","","","","","","","","","","","","","","","","","","","","","","","","","","","","","","","","","","","",
"Tanzania","TZA","Proportion of time spent on unpaid domestic and care work, female (% of 24 hour day)","SG.TIM.UWRK.FE","","","","","","","","","","","","","","","","","","","","","","","","","","","","","","","","","","","","","","","","","","","","","","","17.08333","","","","","","","","16.45833","","","","","","","","","",
"Uganda","UGA","Proportion of time spent on unpaid domestic and care work, female (% of 24 hour day)","SG.TIM.UWRK.FE","","","","","","","","","","","","","","","","","","","","","","","","","","","","","","","","","","","","","","","","","","","","","","","","","","","","","","","","","","","14.58333","","","","","",
"Ukraine","UKR","Proportion of time spent on unpaid domestic and care work, female (% of 24 hour day)","SG.TIM.UWRK.FE","","","","","","","","","","","","","","","","","","","","","","","","","","","","","","","","","","","","","","","","","","","","","","","","","","","","","","","","","","","","","","","","",
"Upper middle income","UMC","Proportion of time spent on unpaid domestic and care work, female (% of 24 hour day)","SG.TIM.UWRK.FE","","","","","","","","","","","","","","","","","","","","","","","","","","","","","","","","","","","","","","","","","","","","","","","","","","","","","","","","","","","","","","","","",
"Uruguay","URY","Proportion of time spent on unpaid domestic and care work, female (% of 24 hour day)","SG.TIM.UWRK.FE","","","","","","","","","","","","","","","","","","","","","","","","","","","","","","","","","","","","","","","","","","","","","","","","25.20833","","","","","","19.87475","","","","","","","","","","",
"United States","USA","Proportion of time spent on unpaid domestic and care work, female (% of 24 hour day)","SG.TIM.UWRK.FE","","","","","","","","","","","","","","","","","","","","","","","","","","","","","","","","","","","","","","","","","","","","16.54167","16.625","16.5","16.25","16.08333","15.625","15.91667","15.29167","15.20833","15.29167","15.58333","15.54167","15.875","15.91667","15.41667","15.375","15.33333","","15.54167","15.08333","",
"Uzbekistan","UZB","Proportion of time spent on unpaid domestic and care work, female (% of 24 hour day)","SG.TIM.UWRK.FE","","","","","","","","","","","","","","","","","","","","","","","","","","","","","","","","","","","","","","","","","","","","","","","","","","","","","","","","","","","","","","","","",
"St. Vincent and the Grenadines","VCT","Proportion of time spent on unpaid domestic and care work, female (% of 24 hour day)","SG.TIM.UWRK.FE","","","","","","","","","","","","","","","","","","","","","","","","","","","","","","","","","","","","","","","","","","","","","","","","","","","","","","","","","","","","","","","","",
"Venezuela, RB","VEN","Proportion of time spent on unpaid domestic and care work, female (% of 24 hour day)","SG.TIM.UWRK.FE","","","","","","","","","","","","","","","","","","","","","","","","","","","","","","","","","","","","","","","","","","","","","","","","","","","","","","","","","","","","","","","","",
"British Virgin Islands","VGB","Proportion of time spent on unpaid domestic and care work, female (% of 24 hour day)","SG.TIM.UWRK.FE","","","","","","","","","","","","","","","","","","","","","","","","","","","","","","","","","","","","","","","","","","","","","","","","","","","","","","","","","","","","","","","","",
"Virgin Islands (U.S.)","VIR","Proportion of time spent on unpaid domestic and care work, female (% of 24 hour day)","SG.TIM.UWRK.FE","","","","","","","","","","","","","","","","","","","","","","","","","","","","","","","","","","","","","","","","","","","","","","","","","","","","","","","","","","","","","","","","",
"Viet Nam","VNM","Proportion of time spent on unpaid domestic and care work, female (% of 24 hour day)","SG.TIM.UWRK.FE","","","","","","","","","","","","","","","","","","","","","","","","","","","","","","","","","","","","","","","","","","","","","","","","","","","","","","","","","","","","","","","","",
"Vanuatu","VUT","Proportion of time spent on unpaid domestic and care work, female (% of 24 hour day)","SG.TIM.UWRK.FE","","","","","","","","","","","","","","","","","","","","","","","","","","","","","","","","","","","","","","","","","","","","","","","","","","","","","","","","","","","","","","","","",
"World","WLD","Proportion of time spent on unpaid domestic and care work, female (% of 24 hour day)","SG.TIM.UWRK.FE","","","","","","","","","","","","","","","","","","","","","","","","","","","","","","","","","","","","","","","","","","","","","","","","","","","","","","","","","","","","","","","","",
"Samoa","WSM","Proportion of time spent on unpaid domestic and care work, female (% of 24 hour day)","SG.TIM.UWRK.FE","","","","","","","","","","","","","","","","","","","","","","","","","","","","","","","","","","","","","","","","","","","","","","","","","","","","","","","","","","","","","","","","",
"Kosovo","XKX","Proportion of time spent on unpaid domestic and care work, female (% of 24 hour day)","SG.TIM.UWRK.FE","","","","","","","","","","","","","","","","","","","","","","","","","","","","","","","","","","","","","","","","","","","","","","","","","","","","","","","","","","","","","","","","",
"Yemen, Rep.","YEM","Proportion of time spent on unpaid domestic and care work, female (% of 24 hour day)","SG.TIM.UWRK.FE","","","","","","","","","","","","","","","","","","","","","","","","","","","","","","","","","","","","","","","","","","","","","","","","","","","","","","","","","","","","","","","","",
"South Africa","ZAF","Proportion of time spent on unpaid domestic and care work, female (% of 24 hour day)","SG.TIM.UWRK.FE","","","","","","","","","","","","","","","","","","","","","","","","","","","","","","","","","","","","","","","","","14.79167","","","","","","","","","","15.55556","","","","","","","","","","","","","",
"Zambia","ZMB","Proportion of time spent on unpaid domestic and care work, female (% of 24 hour day)","SG.TIM.UWRK.FE","","","","","","","","","","","","","","","","","","","","","","","","","","","","","","","","","","","","","","","","","","","","","","","","","","","","","","","","","","","","","","","","",
"Zimbabwe","ZWE","Proportion of time spent on unpaid domestic and care work, female (% of 24 hour day)","SG.TIM.UWRK.FE","","","","","","","","","","","","","","","","","","","","","","","","","","","","","","","","","","","","","","","","","","","","","","","","","","","","","","","","","","","","","","","","",
